{
  "accuracy": 0.955,
  "classification_report": {
    "negative": {
      "precision": 0.9424342105263158,
      "recall": 0.9679054054054054,
      "f1-score": 0.955,
      "support": 592.0
    },
    "positive": {
      "precision": 0.9679054054054054,
      "recall": 0.9424342105263158,
      "f1-score": 0.955,
      "support": 608.0
    },
    "accuracy": 0.955,
    "macro avg": {
      "precision": 0.9551698079658606,
      "recall": 0.9551698079658606,
      "f1-score": 0.955,
      "support": 1200.0
    },
    "weighted avg": {
      "precision": 0.9553396159317212,
      "recall": 0.955,
      "f1-score": 0.955,
      "support": 1200.0
    }
  }
}