{
  "accuracy": 0.976,
  "classification_report": {
    "negative": {
      "precision": 0.963110667996012,
      "recall": 0.9887410440122825,
      "f1-score": 0.9757575757575757,
      "support": 977.0
    },
    "positive": {
      "precision": 0.9889669007021064,
      "recall": 0.9638318670576735,
      "f1-score": 0.9762376237623762,
      "support": 1023.0
    },
    "accuracy": 0.976,
    "macro avg": {
      "precision": 0.9760387843490592,
      "recall": 0.976286455534978,
      "f1-score": 0.9759975997599759,
      "support": 2000.0
    },
    "weighted avg": {
      "precision": 0.9763361310251792,
      "recall": 0.976,
      "f1-score": 0.9760031203120311,
      "support": 2000.0
    }
  }
}